-- phpMyAdmin SQL Dump
-- version 3.2.4
-- http://www.phpmyadmin.net
--
-- Host: localhost
-- Generation Time: Jan 07, 2010 at 11:36 PM
-- Server version: 5.1.42
-- PHP Version: 5.3.1

SET SQL_MODE="NO_AUTO_VALUE_ON_ZERO";


/*!40101 SET @OLD_CHARACTER_SET_CLIENT=@@CHARACTER_SET_CLIENT */;
/*!40101 SET @OLD_CHARACTER_SET_RESULTS=@@CHARACTER_SET_RESULTS */;
/*!40101 SET @OLD_COLLATION_CONNECTION=@@COLLATION_CONNECTION */;
/*!40101 SET NAMES utf8 */;

--
-- Database: `EDACC`
--

--
-- Dumping data for table `Experiment`
--

INSERT INTO `Experiment` (`idExperiment`, `description`, `date`, `numRuns`, `timeOut`, `autoGeneratedSeeds`, `name`) VALUES
(1, 'test', '0007-10-23', 0, 0, 0, 'Exp1');

--
-- Dumping data for table `ExperimentResults`
--

INSERT INTO `ExperimentResults` (`idJob`, `run`, `status`, `seed`, `resultFileName`, `time`, `statusCode`, `SolverConfig_idSolverConfig`, `Experiment_idExperiment`, `Instances_idInstance`) VALUES
(1, 0, 0, 42, '', 0, 0, 1, 1, 1),
(2, 0, 0, 42, '', 0, 0, 2, 1, 1),
(3, 0, 0, 42, '', 0, 0, 1, 1, 2),
(4, 0, 0, 42, '', 0, 0, 2, 1, 2),
(5, 0, 0, 42, '', 0, 0, 1, 1, 1),
(6, 0, 0, 42, '', 0, 0, 2, 1, 1),
(7, 0, 0, 42, '', 0, 0, 1, 1, 2),
(8, 0, 0, 42, '', 0, 0, 2, 1, 2);

--
-- Dumping data for table `Experiment_has_Instances`
--

INSERT INTO `Experiment_has_Instances` (`idEI`, `Experiment_idExperiment`, `Instances_idInstance`) VALUES
(1, 1, 1),
(2, 1, 2);

--
-- Dumping data for table `gridSettings`
--


--
-- Dumping data for table `Instances`
--

INSERT INTO `Instances` (`idInstance`, `name`, `instance`, `md5`, `numAtoms`, `numClauses`, `ratio`, `maxClauseLength`) VALUES
(1, 'Inst1', '', '92b9cccc0b98c3a0b8d0df25a421c0e3', 123, 435, 232, 242),
(2, 'Inst2', '', '6899c554370381e47d05c2d4648aadce', 435, 1234, 34, 2143),
(3, 'Inst3', '', '2bb2795dba8792ae70d17439889ff120', 3421, 7658, 45, 453);

--
-- Dumping data for table `Parameters`
--

INSERT INTO `Parameters` (`idParameter`, `name`, `prefix`, `value`, `order`, `Solver_idSolver`) VALUES
(1, 'phi', '-phi', '0.5', 1, 1),
(2, 'seed', '-seed', '', 2, 1),
(4, 'p1', '-p1', 'null', 1, 2),
(5, 'p2', '-p2', 'five', 2, 2);

--
-- Dumping data for table `Solver`
--

INSERT INTO `Solver` (`idSolver`, `name`, `binaryName`, `binary`, `description`, `md5`, `code`) VALUES
(1, 'adaptG2WSAT+', 'something', '', 'G2WSAT with adaptive noise using Novelty+', '17d9f08d6bc96391c123f51e68d6f70b', NULL),
(2, 'TNM', 'tnmbin', '', 'TNM - Two Noise Mechanisms (very creative)', 'c634e6826e1867b927ee9c1dfda723f8', NULL),
(3, 'SuperAlgo', '', '', 'newest development: SMNM - six million noise mechanisms - switches to the very best noise mechanisms and therefor achieves unseen performance', '0cc735f13f88d8e9e621ed9f6d4ae9f8', NULL);

--
-- Dumping data for table `SolverConfig`
--

INSERT INTO `SolverConfig` (`idSolverConfig`, `Solver_idSolver`, `Experiment_idExperiment`) VALUES
(1, 1, 1),
(2, 2, 1);

--
-- Dumping data for table `SolverConfig_has_Parameters`
--

INSERT INTO `SolverConfig_has_Parameters` (`SolverConfig_idSolverConfig`, `Parameters_idParameter`, `value`) VALUES
(1, 1, '0.5'),
(2, 5, 'five');
